<Backups xmlns="http://www.microsoft.com/GroupPolicy/GPOOperations/Manifest" xmlns:mfst="http://www.microsoft.com/GroupPolicy/GPOOperations/Manifest" mfst:version="1.0"><BackupInst><GPOGuid><![CDATA[{300DB341-8FE9-4017-B14D-3BCE9366EF5C}]]></GPOGuid><GPODomain><![CDATA[acme.corp]]></GPODomain><GPODomainGuid><![CDATA[{bafc7807-dce5-48c7-ab80-a5e594fb5442}]]></GPODomainGuid><GPODomainController><![CDATA[dc01.acme.corp]]></GPODomainController><BackupTime><![CDATA[2025-06-30T03:50:30]]></BackupTime><ID><![CDATA[{61755396-349A-4A9C-8C49-2BF9F30A993E}]]></ID><Comment><![CDATA[]]></Comment><GPODisplayName><![CDATA[Lab-Background]]></GPODisplayName></BackupInst></Backups>