<Backups xmlns="http://www.microsoft.com/GroupPolicy/GPOOperations/Manifest" xmlns:mfst="http://www.microsoft.com/GroupPolicy/GPOOperations/Manifest" mfst:version="1.0"><BackupInst><GPOGuid><![CDATA[{300DB341-8FE9-4017-B14D-3BCE9366EF5C}]]></GPOGuid><GPODomain><![CDATA[acme.corp]]></GPODomain><GPODomainGuid><![CDATA[{bafc7807-dce5-48c7-ab80-a5e594fb5442}]]></GPODomainGuid><GPODomainController><![CDATA[dc01.acme.corp]]></GPODomainController><BackupTime><![CDATA[2025-07-01T01:53:11]]></BackupTime><ID><![CDATA[{62FD0E98-585D-49C2-9C1B-29C79082B146}]]></ID><Comment><![CDATA[]]></Comment><GPODisplayName><![CDATA[Lab-Background]]></GPODisplayName></BackupInst></Backups>