<?xml version="1.0" encoding="utf-8"?><!-- Copyright (c) Microsoft Corporation.  All rights reserved. --><GroupPolicyBackupScheme bkp:version="2.0" bkp:type="GroupPolicyBackupTemplate" xmlns:bkp="http://www.microsoft.com/GroupPolicy/GPOOperations" xmlns="http://www.microsoft.com/GroupPolicy/GPOOperations">
    <GroupPolicyObject><SecurityGroups><Group bkp:Source="FromDACL"><Sid><![CDATA[S-1-5-21-2453266678-2398646851-836584190-519]]></Sid><SamAccountName><![CDATA[Enterprise Admins]]></SamAccountName><Type><![CDATA[UniversalGroup]]></Type><NetBIOSDomainName><![CDATA[ACME]]></NetBIOSDomainName><DnsDomainName><![CDATA[acme.corp]]></DnsDomainName><UPN><![CDATA[Enterprise Admins@acme.corp]]></UPN></Group><Group bkp:Source="FromDACL"><Sid><![CDATA[S-1-5-21-2453266678-2398646851-836584190-512]]></Sid><SamAccountName><![CDATA[Domain Admins]]></SamAccountName><Type><![CDATA[GlobalGroup]]></Type><NetBIOSDomainName><![CDATA[ACME]]></NetBIOSDomainName><DnsDomainName><![CDATA[acme.corp]]></DnsDomainName><UPN><![CDATA[Domain Admins@acme.corp]]></UPN></Group></SecurityGroups><FilePaths/><GroupPolicyCoreSettings><ID><![CDATA[{300DB341-8FE9-4017-B14D-3BCE9366EF5C}]]></ID><Domain><![CDATA[acme.corp]]></Domain><SecurityDescriptor>01 00 04 9c 00 00 00 00 00 00 00 00 00 00 00 00 14 00 00 00 04 00 ec 00 08 00 00 00 05 02 28 00 00 01 00 00 01 00 00 00 8f fd ac ed b3 ff d1 11 b4 1d 00 a0 c9 68 f9 39 01 01 00 00 00 00 00 05 0b 00 00 00 00 00 24 00 ff 00 0f 00 01 05 00 00 00 00 00 05 15 00 00 00 f6 e0 39 92 43 72 f8 8e fe 42 dd 31 00 02 00 00 00 02 24 00 ff 00 0f 00 01 05 00 00 00 00 00 05 15 00 00 00 f6 e0 39 92 43 72 f8 8e fe 42 dd 31 00 02 00 00 00 02 24 00 ff 00 0f 00 01 05 00 00 00 00 00 05 15 00 00 00 f6 e0 39 92 43 72 f8 8e fe 42 dd 31 07 02 00 00 00 02 14 00 94 00 02 00 01 01 00 00 00 00 00 05 09 00 00 00 00 02 14 00 94 00 02 00 01 01 00 00 00 00 00 05 0b 00 00 00 00 02 14 00 ff 00 0f 00 01 01 00 00 00 00 00 05 12 00 00 00 00 0a 14 00 ff 00 0f 00 01 01 00 00 00 00 00 03 00 00 00 00</SecurityDescriptor><DisplayName><![CDATA[Lab-Background]]></DisplayName><Options><![CDATA[0]]></Options><UserVersionNumber><![CDATA[262148]]></UserVersionNumber><MachineVersionNumber><![CDATA[2424869]]></MachineVersionNumber><MachineExtensionGuids><![CDATA[[{00000000-0000-0000-0000-000000000000}{3BAE7E51-E3F4-41D0-853D-9BB9FD47605F}{3EC4E9D3-714D-471F-88DC-4DD4471AAB47}][{42B5FAAE-6536-11D2-AE5A-0000F87571E3}{40B6664F-4972-11D1-A7CA-0000F87571E3}][{6232C319-91AC-4931-9385-E70C2B099F0E}{3EC4E9D3-714D-471F-88DC-4DD4471AAB47}][{7150F9BF-48AD-4DA4-A49C-29EF4A8369BA}{3BAE7E51-E3F4-41D0-853D-9BB9FD47605F}]]]></MachineExtensionGuids><UserExtensionGuids><![CDATA[[{42B5FAAE-6536-11D2-AE5A-0000F87571E3}{40B66650-4972-11D1-A7CA-0000F87571E3}]]]></UserExtensionGuids><WMIFilter/></GroupPolicyCoreSettings> 
        <GroupPolicyExtension bkp:ID="{35378EAC-683F-11D2-A89A-00C04FBBCFA2}" bkp:DescName="Registry">
            
            
            <FSObjectFile bkp:Path="%GPO_FSPATH%\Adm\*.*" bkp:SourceExpandedPath="\\dc01.acme.corp\sysvol\acme.corp\Policies\{300DB341-8FE9-4017-B14D-3BCE9366EF5C}\Adm\*.*"/>
        </GroupPolicyExtension>
        
        
        <GroupPolicyExtension bkp:ID="{42B5FAAE-6536-11d2-AE5A-0000F87571E3}" bkp:DescName="Scripts">
            <FSObjectFile bkp:Path="%GPO_MACH_FSPATH%\Scripts\scripts.ini" bkp:SourceExpandedPath="\\dc01.acme.corp\sysvol\acme.corp\Policies\{300DB341-8FE9-4017-B14D-3BCE9366EF5C}\Machine\Scripts\scripts.ini" bkp:ReEvaluateFunction="ScriptsValidatePaths" bkp:Location="DomainSysvol\GPO\Machine\Scripts\scripts.ini"/>
	    
            <FSObjectDir bkp:Path="%GPO_MACH_FSPATH%\Scripts\Startup\*" bkp:SourceExpandedPath="\\dc01.acme.corp\sysvol\acme.corp\Policies\{300DB341-8FE9-4017-B14D-3BCE9366EF5C}\Machine\Scripts\Startup\*"><FSObjectDir bkp:Path="%GPO_MACH_FSPATH%\Scripts\Startup" bkp:SourceExpandedPath="\\dc01.acme.corp\sysvol\acme.corp\Policies\{300DB341-8FE9-4017-B14D-3BCE9366EF5C}\Machine\Scripts\Startup" bkp:Location="DomainSysvol\GPO\Machine\Scripts\Startup"/></FSObjectDir>
            <FSObjectFile bkp:Path="%GPO_MACH_FSPATH%\Scripts\Startup\*" bkp:SourceExpandedPath="\\dc01.acme.corp\sysvol\acme.corp\Policies\{300DB341-8FE9-4017-B14D-3BCE9366EF5C}\Machine\Scripts\Startup\*"/>
            <FSObjectDir bkp:Path="%GPO_MACH_FSPATH%\Scripts\Shutdown\*" bkp:SourceExpandedPath="\\dc01.acme.corp\sysvol\acme.corp\Policies\{300DB341-8FE9-4017-B14D-3BCE9366EF5C}\Machine\Scripts\Shutdown\*"><FSObjectDir bkp:Path="%GPO_MACH_FSPATH%\Scripts\Shutdown" bkp:SourceExpandedPath="\\dc01.acme.corp\sysvol\acme.corp\Policies\{300DB341-8FE9-4017-B14D-3BCE9366EF5C}\Machine\Scripts\Shutdown" bkp:Location="DomainSysvol\GPO\Machine\Scripts\Shutdown"/></FSObjectDir>
            <FSObjectFile bkp:Path="%GPO_MACH_FSPATH%\Scripts\Shutdown\*" bkp:SourceExpandedPath="\\dc01.acme.corp\sysvol\acme.corp\Policies\{300DB341-8FE9-4017-B14D-3BCE9366EF5C}\Machine\Scripts\Shutdown\*"/>
            <FSObjectFile bkp:Path="%GPO_USER_FSPATH%\Scripts\scripts.ini" bkp:SourceExpandedPath="\\dc01.acme.corp\sysvol\acme.corp\Policies\{300DB341-8FE9-4017-B14D-3BCE9366EF5C}\User\Scripts\scripts.ini" bkp:ReEvaluateFunction="ScriptsValidatePaths" bkp:Location="DomainSysvol\GPO\User\Scripts\scripts.ini"/>
	    
            <FSObjectDir bkp:Path="%GPO_USER_FSPATH%\Scripts\Logon\*" bkp:SourceExpandedPath="\\dc01.acme.corp\sysvol\acme.corp\Policies\{300DB341-8FE9-4017-B14D-3BCE9366EF5C}\User\Scripts\Logon\*"><FSObjectDir bkp:Path="%GPO_USER_FSPATH%\Scripts\Logon" bkp:SourceExpandedPath="\\dc01.acme.corp\sysvol\acme.corp\Policies\{300DB341-8FE9-4017-B14D-3BCE9366EF5C}\User\Scripts\Logon" bkp:Location="DomainSysvol\GPO\User\Scripts\Logon"/></FSObjectDir>
            <FSObjectFile bkp:Path="%GPO_USER_FSPATH%\Scripts\Logon\*" bkp:SourceExpandedPath="\\dc01.acme.corp\sysvol\acme.corp\Policies\{300DB341-8FE9-4017-B14D-3BCE9366EF5C}\User\Scripts\Logon\*"/>
            <FSObjectDir bkp:Path="%GPO_USER_FSPATH%\Scripts\Logoff\*" bkp:SourceExpandedPath="\\dc01.acme.corp\sysvol\acme.corp\Policies\{300DB341-8FE9-4017-B14D-3BCE9366EF5C}\User\Scripts\Logoff\*"><FSObjectDir bkp:Path="%GPO_USER_FSPATH%\Scripts\Logoff" bkp:SourceExpandedPath="\\dc01.acme.corp\sysvol\acme.corp\Policies\{300DB341-8FE9-4017-B14D-3BCE9366EF5C}\User\Scripts\Logoff" bkp:Location="DomainSysvol\GPO\User\Scripts\Logoff"/></FSObjectDir>
            <FSObjectFile bkp:Path="%GPO_USER_FSPATH%\Scripts\Logoff\*" bkp:SourceExpandedPath="\\dc01.acme.corp\sysvol\acme.corp\Policies\{300DB341-8FE9-4017-B14D-3BCE9366EF5C}\User\Scripts\Logoff\*"/>
        </GroupPolicyExtension>
        
        
        
        
        
        
    <GroupPolicyExtension bkp:ID="{F15C46CD-82A0-4C2D-A210-5D0D3182A418}" bkp:DescName="Unknown Extension"><FSObjectDir bkp:Path="%GPO_MACH_FSPATH%\Applications" bkp:SourceExpandedPath="\\dc01.acme.corp\sysvol\acme.corp\Policies\{300DB341-8FE9-4017-B14D-3BCE9366EF5C}\Machine\Applications" bkp:Location="DomainSysvol\GPO\Machine\Applications"/><FSObjectDir bkp:Path="%GPO_MACH_FSPATH%\Preferences" bkp:SourceExpandedPath="\\dc01.acme.corp\sysvol\acme.corp\Policies\{300DB341-8FE9-4017-B14D-3BCE9366EF5C}\Machine\Preferences" bkp:Location="DomainSysvol\GPO\Machine\Preferences"/><FSObjectDir bkp:Path="%GPO_MACH_FSPATH%\Preferences\Files" bkp:SourceExpandedPath="\\dc01.acme.corp\sysvol\acme.corp\Policies\{300DB341-8FE9-4017-B14D-3BCE9366EF5C}\Machine\Preferences\Files" bkp:Location="DomainSysvol\GPO\Machine\Preferences\Files"/><FSObjectFile bkp:Path="%GPO_MACH_FSPATH%\Preferences\Files\Files.xml" bkp:SourceExpandedPath="\\dc01.acme.corp\sysvol\acme.corp\Policies\{300DB341-8FE9-4017-B14D-3BCE9366EF5C}\Machine\Preferences\Files\Files.xml" bkp:Location="DomainSysvol\GPO\Machine\Preferences\Files\Files.xml"/><FSObjectDir bkp:Path="%GPO_MACH_FSPATH%\Preferences\Folders" bkp:SourceExpandedPath="\\dc01.acme.corp\sysvol\acme.corp\Policies\{300DB341-8FE9-4017-B14D-3BCE9366EF5C}\Machine\Preferences\Folders" bkp:Location="DomainSysvol\GPO\Machine\Preferences\Folders"/><FSObjectFile bkp:Path="%GPO_MACH_FSPATH%\Preferences\Folders\Folders.xml" bkp:SourceExpandedPath="\\dc01.acme.corp\sysvol\acme.corp\Policies\{300DB341-8FE9-4017-B14D-3BCE9366EF5C}\Machine\Preferences\Folders\Folders.xml" bkp:Location="DomainSysvol\GPO\Machine\Preferences\Folders\Folders.xml"/><FSObjectDir bkp:Path="%GPO_MACH_FSPATH%\Scripts" bkp:SourceExpandedPath="\\dc01.acme.corp\sysvol\acme.corp\Policies\{300DB341-8FE9-4017-B14D-3BCE9366EF5C}\Machine\Scripts" bkp:Location="DomainSysvol\GPO\Machine\Scripts"/><FSObjectDir bkp:Path="%GPO_USER_FSPATH%\Applications" bkp:SourceExpandedPath="\\dc01.acme.corp\sysvol\acme.corp\Policies\{300DB341-8FE9-4017-B14D-3BCE9366EF5C}\User\Applications" bkp:Location="DomainSysvol\GPO\User\Applications"/><FSObjectDir bkp:Path="%GPO_USER_FSPATH%\Documents &amp; Settings" bkp:SourceExpandedPath="\\dc01.acme.corp\sysvol\acme.corp\Policies\{300DB341-8FE9-4017-B14D-3BCE9366EF5C}\User\Documents &amp; Settings" bkp:Location="DomainSysvol\GPO\User\Documents &amp; Settings"/><FSObjectDir bkp:Path="%GPO_USER_FSPATH%\Scripts" bkp:SourceExpandedPath="\\dc01.acme.corp\sysvol\acme.corp\Policies\{300DB341-8FE9-4017-B14D-3BCE9366EF5C}\User\Scripts" bkp:Location="DomainSysvol\GPO\User\Scripts"/></GroupPolicyExtension></GroupPolicyObject>
</GroupPolicyBackupScheme>