<?xml version="1.0" encoding="utf-8"?>
<Files clsid="{215B2E53-57CE-475c-80FE-9EEC14635851}"><File clsid="{50BE44C8-567A-4ed1-B1D0-9234FE1F38AF}" name="Logo.png" status="Logo.png" image="1" changed="2025-06-19 10:30:44" uid="{4AE83364-7FD4-4404-9E6E-EC8B30436405}"><Properties action="R" fromPath="\\dc01\Distribution\lab-background\Logo.png" targetPath="C:\lab-background\Logo.png" readOnly="0" archive="1" hidden="0" suppress="0"/></File>
	<File clsid="{50BE44C8-567A-4ed1-B1D0-9234FE1F38AF}" name="Set-LockScreen.ps1" status="Set-LockScreen.ps1" image="1" changed="2025-06-19 10:30:51" uid="{93CC7B65-1D40-4DFA-86F6-F52D8355E0A3}"><Properties action="R" fromPath="\\dc01\Distribution\lab-background\Set-LockScreen.ps1" targetPath="C:\lab-background\Set-LockScreen.ps1" readOnly="0" archive="1" hidden="0" suppress="0"/></File>
	<File clsid="{50BE44C8-567A-4ed1-B1D0-9234FE1F38AF}" name="Set-UserWallPaper.ps1" status="Set-UserWallPaper.ps1" image="1" changed="2025-06-19 10:30:58" uid="{C2270EC1-7979-479C-A140-537BA7E61743}"><Properties action="R" fromPath="\\dc01\Distribution\lab-background\Set-UserWallPaper.ps1" targetPath="C:\lab-background\Set-UserWallPaper.ps1" readOnly="0" archive="1" hidden="0" suppress="0"/></File>
	<File clsid="{50BE44C8-567A-4ed1-B1D0-9234FE1F38AF}" name="info.txt" status="info.txt" image="1" changed="2025-06-20 01:06:22" uid="{A425A790-1C3C-4602-BABF-35878FA84D35}"><Properties action="R" fromPath="\\dc01\Distribution\lab-background\info.txt" targetPath="C:\lab-background\info.txt" readOnly="0" archive="1" hidden="0" suppress="0"/></File>
</Files>
